date,checker,version,pass_rate,commit
2023-12-28,mypy,1.8.0,77.4,8aa8f8b6825ac3a28cb2a06d83c20174a94439da
2023-12-28,pyre,0.9.19,41.7,8aa8f8b6825ac3a28cb2a06d83c20174a94439da
2023-12-28,pyright,1.1.343,91.7,8aa8f8b6825ac3a28cb2a06d83c20174a94439da
2023-12-28,pytype,2023.12.18,33.3,8aa8f8b6825ac3a28cb2a06d83c20174a94439da
2024-01-03,mypy,1.8.0,77.4,c366858f36294152974a54d496db3f5c36b94714
2024-01-03,pyre,0.9.19,41.7,c366858f36294152974a54d496db3f5c36b94714
2024-01-03,pyright,1.1.343,91.7,c366858f36294152974a54d496db3f5c36b94714
2024-01-03,pytype,2023.12.18,33.3,c366858f36294152974a54d496db3f5c36b94714
2024-01-05,mypy,1.8.0,81.0,69d7412c1b381148b155a4c373baf29d0ffd31ac
2024-01-05,pyre,0.9.19,44.9,69d7412c1b381148b155a4c373baf29d0ffd31ac
2024-01-05,pyright,1.1.344,92.4,69d7412c1b381148b155a4c373baf29d0ffd31ac
2024-01-05,pytype,2023.12.18,41.8,69d7412c1b381148b155a4c373baf29d0ffd31ac
2024-01-12,mypy,1.8.0,75.5,bd0b42c9ddf8ab20b4407be82c920babc6436c43
2024-01-12,pyre,0.9.19,39.6,bd0b42c9ddf8ab20b4407be82c920babc6436c43
2024-01-12,pyright,1.1.345,94.3,bd0b42c9ddf8ab20b4407be82c920babc6436c43
2024-01-12,pytype,2023.12.18,34.4,bd0b42c9ddf8ab20b4407be82c920babc6436c43
2024-01-13,mypy,1.8.0,75.5,214295874485b59d1da564677dcef612e87b3801
2024-01-13,pyre,0.9.19,39.6,214295874485b59d1da564677dcef612e87b3801
2024-01-13,pyright,1.1.345,93.8,214295874485b59d1da564677dcef612e87b3801
2024-01-13,pytype,2023.12.18,34.4,214295874485b59d1da564677dcef612e87b3801
2024-01-15,pyright,1.1.345,92.7,55d90759d9317e36e118b69e4b6544dd9f38bce7
2024-01-15,mypy,1.8.0,75.5,0665b39be774fb1ca67fb8fec8b7ed6d06eec8ae
2024-01-15,pyre,0.9.19,39.6,0665b39be774fb1ca67fb8fec8b7ed6d06eec8ae
2024-01-15,pyright,1.1.347,96.9,0665b39be774fb1ca67fb8fec8b7ed6d06eec8ae
2024-01-15,pytype,2023.12.18,34.4,0665b39be774fb1ca67fb8fec8b7ed6d06eec8ae
2024-01-19,mypy,1.8.0,75.5,805fe84903fbaaeae7c7509d776ab16d474b551c
2024-01-19,pyre,0.9.19,40.5,805fe84903fbaaeae7c7509d776ab16d474b551c
2024-01-19,pyright,1.1.347,96.5,805fe84903fbaaeae7c7509d776ab16d474b551c
2024-01-19,pytype,2023.12.18,35.0,805fe84903fbaaeae7c7509d776ab16d474b551c
2024-01-21,pyright,1.1.347,96.5,be90544ea0d9f2e18e1cb61807bf38f333b77d57
2024-01-21,mypy,1.8.0,75.5,53846cc4c23e935efab03f68ce415cded90bd5b8
2024-01-21,pyre,0.9.19,40.5,53846cc4c23e935efab03f68ce415cded90bd5b8
2024-01-21,pyright,1.1.348,99.5,53846cc4c23e935efab03f68ce415cded90bd5b8
2024-01-21,pytype,2023.12.18,35.0,53846cc4c23e935efab03f68ce415cded90bd5b8
2024-01-25,mypy,1.8.0,75.5,aa93bf6db72ce6c1c7ce2f1bed645d9d94768861
2024-01-25,pyre,0.9.19,40.5,aa93bf6db72ce6c1c7ce2f1bed645d9d94768861
2024-01-25,pyright,1.1.348,99.5,aa93bf6db72ce6c1c7ce2f1bed645d9d94768861
2024-01-25,pytype,2024.01.24,35.5,aa93bf6db72ce6c1c7ce2f1bed645d9d94768861
2024-01-26,mypy,1.8.0,74.8,62daab20ba3ea124ac3702efc3266d241f8b4721
2024-01-26,pyre,0.9.19,41.1,62daab20ba3ea124ac3702efc3266d241f8b4721
2024-01-26,pyright,1.1.348,98.5,62daab20ba3ea124ac3702efc3266d241f8b4721
2024-01-26,pytype,2024.01.24,36.1,62daab20ba3ea124ac3702efc3266d241f8b4721
2024-01-29,mypy,1.8.0,74.8,a872359c5816bc7656c44673689a6cd40809a859
2024-01-29,pyre,0.9.19,41.1,a872359c5816bc7656c44673689a6cd40809a859
2024-01-29,pyright,1.1.349,99.5,a872359c5816bc7656c44673689a6cd40809a859
2024-01-29,pytype,2024.01.24,36.1,a872359c5816bc7656c44673689a6cd40809a859
2024-02-04,mypy,1.8.0,74.8,189350e3eb8777b4e8e9b399f9ad23a5babbfd50
2024-02-04,pyre,0.9.19,42.1,189350e3eb8777b4e8e9b399f9ad23a5babbfd50
2024-02-04,pyright,1.1.349,100.0,189350e3eb8777b4e8e9b399f9ad23a5babbfd50
2024-02-04,pytype,2024.01.24,37.1,189350e3eb8777b4e8e9b399f9ad23a5babbfd50
2024-02-11,mypy,1.8.0,74.8,cfc242e8e0f5be87f759d678cd1f1ed9ae35e19b
2024-02-11,pyre,0.9.19,42.9,cfc242e8e0f5be87f759d678cd1f1ed9ae35e19b
2024-02-11,pyright,1.1.350,100.0,cfc242e8e0f5be87f759d678cd1f1ed9ae35e19b
2024-02-11,pytype,2024.02.09,38.6,cfc242e8e0f5be87f759d678cd1f1ed9ae35e19b
2024-02-15,mypy,1.8.0,74.8,62ec871cad97b241a4c5e5cbc483eaaf87f274f6
2024-02-15,pyre,0.9.19,42.9,62ec871cad97b241a4c5e5cbc483eaaf87f274f6
2024-02-15,pyright,1.1.350,100.0,62ec871cad97b241a4c5e5cbc483eaaf87f274f6
2024-02-15,pytype,2024.02.13,38.6,62ec871cad97b241a4c5e5cbc483eaaf87f274f6
2024-02-20,mypy,1.8.0,74.5,01ed04202d2c3594d6425d466ef611af2703aa92
2024-02-20,pyre,0.9.19,42.9,01ed04202d2c3594d6425d466ef611af2703aa92
2024-02-20,pyright,1.1.351,100.0,01ed04202d2c3594d6425d466ef611af2703aa92
2024-02-20,pytype,2024.02.13,38.7,01ed04202d2c3594d6425d466ef611af2703aa92
2024-02-29,mypy,1.8.0,74.5,e08290b70f58df509f998cbbe09a8e65abb57a9b
2024-02-29,pyre,0.9.19,42.9,e08290b70f58df509f998cbbe09a8e65abb57a9b
2024-02-29,pyright,1.1.351,100.0,e08290b70f58df509f998cbbe09a8e65abb57a9b
2024-02-29,pytype,2024.02.13,38.7,e08290b70f58df509f998cbbe09a8e65abb57a9b
2024-03-08,mypy,1.8.0,74.5,7b489c75d92e280afdefdbdd406d7289cba82ffc
2024-03-08,pyright,1.1.352,100.0,7b489c75d92e280afdefdbdd406d7289cba82ffc
2024-03-08,mypy,1.9.0,74.5,a3330dfde2ca28ee6e52fd41c9d6b6e3a542ab32
2024-03-08,pyre,0.9.19,42.9,a3330dfde2ca28ee6e52fd41c9d6b6e3a542ab32
2024-03-08,pyright,1.1.353,100.0,a3330dfde2ca28ee6e52fd41c9d6b6e3a542ab32
2024-03-08,pytype,2024.02.27,38.7,a3330dfde2ca28ee6e52fd41c9d6b6e3a542ab32
2024-03-09,mypy,1.9.0,71.2,68abac9ae4721f247217dcff741036cfad39739d
2024-03-09,pyre,0.9.19,41.0,68abac9ae4721f247217dcff741036cfad39739d
2024-03-09,pyright,1.1.353,100.0,68abac9ae4721f247217dcff741036cfad39739d
2024-03-09,pytype,2024.02.27,36.9,68abac9ae4721f247217dcff741036cfad39739d
2024-03-10,mypy,1.9.0,69.3,6125fbf34112667947e6181dce226942751a57cc
2024-03-10,pyre,0.9.19,39.9,6125fbf34112667947e6181dce226942751a57cc
2024-03-10,pyright,1.1.353,99.1,6125fbf34112667947e6181dce226942751a57cc
2024-03-10,pytype,2024.02.27,36.0,6125fbf34112667947e6181dce226942751a57cc
2024-03-13,mypy,1.9.0,69.3,127a4c431f99debef1405a51d908c70d5311689b
2024-03-13,pyre,0.9.19,39.9,127a4c431f99debef1405a51d908c70d5311689b
2024-03-13,pyright,1.1.354,100.0,127a4c431f99debef1405a51d908c70d5311689b
2024-03-13,pytype,2024.03.11,36.0,127a4c431f99debef1405a51d908c70d5311689b
2024-03-16,mypy,1.9.0,70.2,1006bedb7eded0c2d74ff3712341d2bff5d6912b
2024-03-16,pyre,0.9.19,39.9,1006bedb7eded0c2d74ff3712341d2bff5d6912b
2024-03-16,pyright,1.1.354,100.0,1006bedb7eded0c2d74ff3712341d2bff5d6912b
2024-03-16,pytype,2024.03.11,36.8,1006bedb7eded0c2d74ff3712341d2bff5d6912b
2024-03-28,mypy,1.9.0,69.6,2ec82308fb6be46d5d0682ac6f8a3370c3738c09
2024-03-28,pyre,0.9.19,39.6,2ec82308fb6be46d5d0682ac6f8a3370c3738c09
2024-03-28,pyright,1.1.356,100.0,2ec82308fb6be46d5d0682ac6f8a3370c3738c09
2024-03-28,pytype,2024.03.19,36.5,2ec82308fb6be46d5d0682ac6f8a3370c3738c09
2024-04-03,mypy,1.9.0,69.6,1cd739115a4028bd3aa0263dc3a2580c69add3ae
2024-04-03,pyre,0.9.19,39.6,1cd739115a4028bd3aa0263dc3a2580c69add3ae
2024-04-03,pyright,1.1.357,100.0,1cd739115a4028bd3aa0263dc3a2580c69add3ae
2024-04-03,pytype,2024.03.19,36.5,1cd739115a4028bd3aa0263dc3a2580c69add3ae
2024-04-04,mypy,1.9.0,69.0,6d5c186ea3f45dd80dcad9f172479b270e54966a
2024-04-04,pyre,0.9.19,39.2,6d5c186ea3f45dd80dcad9f172479b270e54966a
2024-04-04,pyright,1.1.357,99.6,6d5c186ea3f45dd80dcad9f172479b270e54966a
2024-04-04,pytype,2024.03.19,36.6,6d5c186ea3f45dd80dcad9f172479b270e54966a
2024-04-05,mypy,1.9.0,69.4,8c519e93376d5e618213312f1e4c6d2e4a102d06
2024-04-05,pyre,0.9.19,38.4,8c519e93376d5e618213312f1e4c6d2e4a102d06
2024-04-05,pyright,1.1.357,99.6,8c519e93376d5e618213312f1e4c6d2e4a102d06
2024-04-05,pytype,2024.03.19,35.8,8c519e93376d5e618213312f1e4c6d2e4a102d06
2024-04-06,mypy,1.9.0,69.4,33fa565d3290bc33c9b43ff0a5c80f2f45b57d75
2024-04-06,pyre,0.9.19,38.4,33fa565d3290bc33c9b43ff0a5c80f2f45b57d75
2024-04-06,pyright,1.1.357,99.6,33fa565d3290bc33c9b43ff0a5c80f2f45b57d75
2024-04-06,pytype,2024.03.19,35.8,33fa565d3290bc33c9b43ff0a5c80f2f45b57d75
2024-04-07,mypy,1.9.0,69.4,112bb36004fc7ca5b3ca55be1234caa1b7bc2101
2024-04-07,pyre,0.9.19,38.4,112bb36004fc7ca5b3ca55be1234caa1b7bc2101
2024-04-07,pyright,1.1.357,99.6,112bb36004fc7ca5b3ca55be1234caa1b7bc2101
2024-04-07,pytype,2024.03.19,35.8,112bb36004fc7ca5b3ca55be1234caa1b7bc2101
2024-04-09,mypy,1.9.0,69.4,4025826d6ad671f288c4d03c638425547e9f1612
2024-04-09,pyre,0.9.19,38.4,4025826d6ad671f288c4d03c638425547e9f1612
2024-04-09,pyright,1.1.357,99.6,4025826d6ad671f288c4d03c638425547e9f1612
2024-04-09,pytype,2024.03.19,35.3,4025826d6ad671f288c4d03c638425547e9f1612
2024-04-10,mypy,1.9.0,69.4,586d494579a80a1017924cdab4599ba9ac843eb3
2024-04-10,pyre,0.9.19,38.4,586d494579a80a1017924cdab4599ba9ac843eb3
2024-04-10,pyright,1.1.358,100.0,586d494579a80a1017924cdab4599ba9ac843eb3
2024-04-10,pytype,2024.03.19,34.9,586d494579a80a1017924cdab4599ba9ac843eb3
2024-04-11,mypy,1.9.0,69.4,e45e1bff3aca5fe800579a67a3a662483c516bde
2024-04-11,pyre,0.9.19,38.4,e45e1bff3aca5fe800579a67a3a662483c516bde
2024-04-11,pyright,1.1.358,100.0,e45e1bff3aca5fe800579a67a3a662483c516bde
2024-04-11,pytype,2024.03.19,34.9,e45e1bff3aca5fe800579a67a3a662483c516bde
2024-04-12,mypy,1.9.0,69.4,4656f0a0b24a7860b141fb58dbfc458d2c1ca857
2024-04-12,pyre,0.9.19,38.4,4656f0a0b24a7860b141fb58dbfc458d2c1ca857
2024-04-12,pyright,1.1.358,99.6,4656f0a0b24a7860b141fb58dbfc458d2c1ca857
2024-04-12,pytype,2024.04.11,34.9,4656f0a0b24a7860b141fb58dbfc458d2c1ca857
2024-04-13,mypy,1.9.0,68.4,b723985903a6861f0f1a6918fbe2cff011ea74bd
2024-04-13,pyre,0.9.19,39.8,b723985903a6861f0f1a6918fbe2cff011ea74bd
2024-04-13,pyright,1.1.358,98.8,b723985903a6861f0f1a6918fbe2cff011ea74bd
2024-04-13,pytype,2024.04.11,35.7,b723985903a6861f0f1a6918fbe2cff011ea74bd
2024-04-14,mypy,1.9.0,68.4,ba14690cfb0566c004ba8277ea465a1dc20ed6a7
2024-04-14,pyre,0.9.19,39.8,ba14690cfb0566c004ba8277ea465a1dc20ed6a7
2024-04-14,pyright,1.1.358,98.8,ba14690cfb0566c004ba8277ea465a1dc20ed6a7
2024-04-14,pytype,2024.04.11,35.7,ba14690cfb0566c004ba8277ea465a1dc20ed6a7
2024-04-17,mypy,1.9.0,68.0,226b528d0034da97544dec157dcb1ae034592c16
2024-04-17,pyre,0.9.19,39.8,226b528d0034da97544dec157dcb1ae034592c16
2024-04-17,pyright,1.1.359,99.2,226b528d0034da97544dec157dcb1ae034592c16
2024-04-17,pytype,2024.04.11,35.7,226b528d0034da97544dec157dcb1ae034592c16
2024-04-23,mypy,1.9.0,68.3,f7f5723421a6195e5bb81bc216181f28a52dc95f
2024-04-23,pyre,0.9.19,39.4,f7f5723421a6195e5bb81bc216181f28a52dc95f
2024-04-23,pyright,1.1.359,99.2,f7f5723421a6195e5bb81bc216181f28a52dc95f
2024-04-23,pytype,2024.04.11,35.4,f7f5723421a6195e5bb81bc216181f28a52dc95f
2024-04-24,mypy,1.10.0,69.5,c62646f1dc429b5a6b9f77fcfef79ea9cb3139bf
2024-04-24,pyre,0.9.19,40.2,c62646f1dc429b5a6b9f77fcfef79ea9cb3139bf
2024-04-24,pyright,1.1.360,100.0,c62646f1dc429b5a6b9f77fcfef79ea9cb3139bf
2024-04-24,pytype,2024.04.11,35.4,c62646f1dc429b5a6b9f77fcfef79ea9cb3139bf
2024-05-06,mypy,1.10.0,69.4,6a787bf1c94ab16353baed6d4cd2afd2ac2c0495
2024-05-06,pyre,0.9.19,40.3,6a787bf1c94ab16353baed6d4cd2afd2ac2c0495
2024-05-06,pyright,1.1.361,99.2,6a787bf1c94ab16353baed6d4cd2afd2ac2c0495
2024-05-06,pytype,2024.04.11,35.1,6a787bf1c94ab16353baed6d4cd2afd2ac2c0495
2024-05-09,mypy,1.10.0,69.4,d8c80ac3760bf40f8b04732f1ad10a8d5f5531bc
2024-05-09,pyre,0.9.19,40.3,d8c80ac3760bf40f8b04732f1ad10a8d5f5531bc
2024-05-09,pyright,1.1.362,99.6,d8c80ac3760bf40f8b04732f1ad10a8d5f5531bc
2024-05-09,pytype,2024.04.11,35.1,d8c80ac3760bf40f8b04732f1ad10a8d5f5531bc
2024-05-15,mypy,1.10.0,69.4,e18bc5306d1c8948fca9f7ab2230af52d2b565af
2024-05-15,pyre,0.9.21,44.8,e18bc5306d1c8948fca9f7ab2230af52d2b565af
2024-05-15,pyright,1.1.363,100.0,e18bc5306d1c8948fca9f7ab2230af52d2b565af
2024-05-15,pytype,2024.04.11,35.1,e18bc5306d1c8948fca9f7ab2230af52d2b565af
2024-05-20,mypy,1.10.0,69.2,2d2e8eea682c3a42c7731d5941d3b41ad79acdca
2024-05-20,pyre,0.9.21,44.8,2d2e8eea682c3a42c7731d5941d3b41ad79acdca
2024-05-20,pyright,1.1.363,99.6,2d2e8eea682c3a42c7731d5941d3b41ad79acdca
2024-05-20,pytype,2024.04.11,35.2,2d2e8eea682c3a42c7731d5941d3b41ad79acdca
2024-05-21,mypy,1.10.0,69.2,d586ae42118ba8fd97f2767b7b21255a91a9af44
2024-05-21,pyre,0.9.21,44.8,d586ae42118ba8fd97f2767b7b21255a91a9af44
2024-05-21,pyright,1.1.363,99.6,d586ae42118ba8fd97f2767b7b21255a91a9af44
2024-05-21,pytype,2024.04.11,35.2,d586ae42118ba8fd97f2767b7b21255a91a9af44
2024-05-22,mypy,1.10.0,69.2,2e70529e2e4a8242f104bd9ebd043b59f948d427
2024-05-22,pyre,0.9.21,44.8,2e70529e2e4a8242f104bd9ebd043b59f948d427
2024-05-22,pyright,1.1.364,100.0,2e70529e2e4a8242f104bd9ebd043b59f948d427
2024-05-22,pytype,2024.04.11,35.2,2e70529e2e4a8242f104bd9ebd043b59f948d427
2024-05-31,mypy,1.10.0,69.2,a79b87fadb0185d8032211dc81638f4acb5bc122
2024-05-31,pyre,0.9.21,44.8,a79b87fadb0185d8032211dc81638f4acb5bc122
2024-05-31,pyright,1.1.365,100.0,a79b87fadb0185d8032211dc81638f4acb5bc122
2024-05-31,pytype,2024.04.11,35.2,a79b87fadb0185d8032211dc81638f4acb5bc122
2024-06-04,mypy,1.10.0,69.5,84bed8b51f66a6bd759e596712d4e134154f7125
2024-06-04,pyre,0.9.21,45.8,84bed8b51f66a6bd759e596712d4e134154f7125
2024-06-04,pyright,1.1.365,99.2,84bed8b51f66a6bd759e596712d4e134154f7125
2024-06-04,pytype,2024.04.11,36.6,84bed8b51f66a6bd759e596712d4e134154f7125
2024-06-05,mypy,1.10.0,69.5,7cbb3f2162863e3d83725764a303bc623d6bc09d
2024-06-05,pyre,0.9.21,45.8,7cbb3f2162863e3d83725764a303bc623d6bc09d
2024-06-05,pyright,1.1.366,100.0,7cbb3f2162863e3d83725764a303bc623d6bc09d
2024-06-05,pytype,2024.04.11,36.6,7cbb3f2162863e3d83725764a303bc623d6bc09d
2024-06-07,mypy,1.10.0,69.5,20efe7b388653952f9475461bc3a28e0d6215e31
2024-06-07,pyre,0.9.21,45.8,20efe7b388653952f9475461bc3a28e0d6215e31
2024-06-07,pyright,1.1.366,100.0,20efe7b388653952f9475461bc3a28e0d6215e31
2024-06-07,pytype,2024.04.11,37.0,20efe7b388653952f9475461bc3a28e0d6215e31
2024-06-29,mypy,1.10.1,69.5,5f8da04807f21c4613d1955ad9b9c684f50bfe0b
2024-06-29,pyre,0.9.22,46.9,5f8da04807f21c4613d1955ad9b9c684f50bfe0b
2024-06-29,pyright,1.1.369,100.0,5f8da04807f21c4613d1955ad9b9c684f50bfe0b
2024-06-29,pytype,2024.04.11,37.0,5f8da04807f21c4613d1955ad9b9c684f50bfe0b
2024-07-10,mypy,1.10.1,69.5,5edf914c0c14225b0c2e5a3b453a60c8784b7aac
2024-07-10,pyre,0.9.22,46.9,5edf914c0c14225b0c2e5a3b453a60c8784b7aac
2024-07-10,pyright,1.1.371,100.0,5edf914c0c14225b0c2e5a3b453a60c8784b7aac
2024-07-10,pytype,2024.04.11,37.0,5edf914c0c14225b0c2e5a3b453a60c8784b7aac
2024-07-16,mypy,1.10.1,69.5,5ef8643c668ab9cf36b51f488d3eecf3cbc443e1
2024-07-16,pyre,0.9.22,46.9,5ef8643c668ab9cf36b51f488d3eecf3cbc443e1
2024-07-16,pyright,1.1.371,100.0,5ef8643c668ab9cf36b51f488d3eecf3cbc443e1
2024-07-16,pytype,2024.04.11,37.0,5ef8643c668ab9cf36b51f488d3eecf3cbc443e1
2024-07-19,mypy,1.11.0,71.8,ab074f62364d2ca41bcb95a59ad89386cddd9c98
2024-07-19,pyre,0.9.22,46.9,ab074f62364d2ca41bcb95a59ad89386cddd9c98
2024-07-19,pyright,1.1.372,100.0,ab074f62364d2ca41bcb95a59ad89386cddd9c98
2024-07-19,pytype,2024.04.11,37.0,ab074f62364d2ca41bcb95a59ad89386cddd9c98
2024-07-20,mypy,1.11.0,71.2,75caed75a5f930c674360a5559788bad1b306bd8
2024-07-20,pyre,0.9.22,46.6,75caed75a5f930c674360a5559788bad1b306bd8
2024-07-20,pyright,1.1.372,99.2,75caed75a5f930c674360a5559788bad1b306bd8
2024-07-20,pytype,2024.04.11,36.7,75caed75a5f930c674360a5559788bad1b306bd8
2024-07-24,mypy,1.11.0,71.2,b908de0205fb208cd2d74fe342ab33f28f35b71b
2024-07-24,pyre,0.9.22,46.6,b908de0205fb208cd2d74fe342ab33f28f35b71b
2024-07-24,pyright,1.1.373,100.0,b908de0205fb208cd2d74fe342ab33f28f35b71b
2024-07-24,pytype,2024.04.11,36.7,b908de0205fb208cd2d74fe342ab33f28f35b71b
2024-07-28,mypy,1.11.0,70.7,55400b5935d1843c182f6cb7522261d269dc4f47
2024-07-28,pyre,0.9.22,46.2,55400b5935d1843c182f6cb7522261d269dc4f47
2024-07-28,pyright,1.1.373,99.6,55400b5935d1843c182f6cb7522261d269dc4f47
2024-07-28,pytype,2024.04.11,36.5,55400b5935d1843c182f6cb7522261d269dc4f47
2024-07-31,mypy,1.11.1,70.7,9648576f85dc73b7559563ec185c991276c3aa28
2024-07-31,pyre,0.9.22,46.2,9648576f85dc73b7559563ec185c991276c3aa28
2024-07-31,pyright,1.1.374,100.0,9648576f85dc73b7559563ec185c991276c3aa28
2024-07-31,pytype,2024.04.11,36.5,9648576f85dc73b7559563ec185c991276c3aa28
2024-08-05,mypy,1.11.1,70.7,0b4e1aabf81ab96aea92a721b3b78c8b7674f5c9
2024-08-05,pyre,0.9.22,46.2,0b4e1aabf81ab96aea92a721b3b78c8b7674f5c9
2024-08-05,pyright,1.1.374,100.0,0b4e1aabf81ab96aea92a721b3b78c8b7674f5c9
2024-08-05,pytype,2024.04.11,36.5,0b4e1aabf81ab96aea92a721b3b78c8b7674f5c9
2024-10-10,mypy,1.11.2,70.7,70d41820e197b215f62f3f4df492ffd14a864f15
2024-10-10,pyre,0.9.22,46.2,70d41820e197b215f62f3f4df492ffd14a864f15
2024-10-10,pyright,1.1.384,98.9,70d41820e197b215f62f3f4df492ffd14a864f15
2024-10-10,pytype,2024.09.13,36.5,70d41820e197b215f62f3f4df492ffd14a864f15
2024-10-11,mypy,1.11.2,71.1,c5e52dd704b9792196f7d2acdf8824772f2da827
2024-10-11,pyre,0.9.22,46.2,c5e52dd704b9792196f7d2acdf8824772f2da827
2024-10-11,pyright,1.1.384,99.2,c5e52dd704b9792196f7d2acdf8824772f2da827
2024-10-11,pytype,2024.10.11,36.5,c5e52dd704b9792196f7d2acdf8824772f2da827
2024-10-15,mypy,1.12.0,74.1,f86459c750258648578acffe7c59f9f4ee033097
2024-10-15,pyre,0.9.22,46.2,f86459c750258648578acffe7c59f9f4ee033097
2024-10-15,pyright,1.1.384,99.2,f86459c750258648578acffe7c59f9f4ee033097
2024-10-15,pytype,2024.10.11,36.5,f86459c750258648578acffe7c59f9f4ee033097
2024-10-16,mypy,1.12.0,74.1,f516a434a7ac22aba321f97dd6aafd3dbfd9834f
2024-10-16,pyre,0.9.22,46.2,f516a434a7ac22aba321f97dd6aafd3dbfd9834f
2024-10-16,pyright,1.1.385,99.6,f516a434a7ac22aba321f97dd6aafd3dbfd9834f
2024-10-16,pytype,2024.10.11,36.5,f516a434a7ac22aba321f97dd6aafd3dbfd9834f
2024-10-23,mypy,1.13.0,74.1,b4b9c4e7e249aab777ad5b46cd529e5e9bc8861b
2024-10-23,pyre,0.9.22,46.2,b4b9c4e7e249aab777ad5b46cd529e5e9bc8861b
2024-10-23,pyright,1.1.386,100.0,b4b9c4e7e249aab777ad5b46cd529e5e9bc8861b
2024-10-23,pytype,2024.10.11,36.5,b4b9c4e7e249aab777ad5b46cd529e5e9bc8861b
2024-10-24,mypy,1.13.0,74.1,02b385a9b1205be6c2e8122a740ddd0bb30c6fa7
2024-10-24,pyre,0.9.22,46.2,02b385a9b1205be6c2e8122a740ddd0bb30c6fa7
2024-10-24,pyright,1.1.386,100.0,02b385a9b1205be6c2e8122a740ddd0bb30c6fa7
2024-10-24,pytype,2024.10.11,36.5,02b385a9b1205be6c2e8122a740ddd0bb30c6fa7
2024-10-29,mypy,1.13.0,74.1,d19b1b233125e02e10f8b26bc625a8f6885d98d9
2024-10-29,pyre,0.9.23,63.2,d19b1b233125e02e10f8b26bc625a8f6885d98d9
2024-10-29,pyright,1.1.386,100.0,d19b1b233125e02e10f8b26bc625a8f6885d98d9
2024-10-29,pytype,2024.10.11,36.5,d19b1b233125e02e10f8b26bc625a8f6885d98d9
2024-12-03,mypy,1.13.0,73.7,cbedd6df4e89b92863e5534da6ea2aa9e6bb8f61
2024-12-03,pyre,0.9.23,63.2,cbedd6df4e89b92863e5534da6ea2aa9e6bb8f61
2024-12-03,pyright,1.1.389,100.0,cbedd6df4e89b92863e5534da6ea2aa9e6bb8f61
2024-12-03,pytype,2024.10.11,36.5,cbedd6df4e89b92863e5534da6ea2aa9e6bb8f61
2024-12-20,mypy,1.14.0,77.4,e52371772936ad45dca9677dd5232910a85efa2e
2024-12-20,pyre,0.9.23,63.2,e52371772936ad45dca9677dd5232910a85efa2e
2024-12-20,pyright,1.1.391,100.0,e52371772936ad45dca9677dd5232910a85efa2e
2024-12-20,pytype,2024.10.11,36.5,e52371772936ad45dca9677dd5232910a85efa2e
2025-02-05,mypy,1.15.0,77.8,b97d71bc1f3ce42fed5baa307bfea9e3aafc9522
2025-02-05,pyre,0.9.23,63.2,b97d71bc1f3ce42fed5baa307bfea9e3aafc9522
2025-02-05,pyright,1.1.393,100.0,b97d71bc1f3ce42fed5baa307bfea9e3aafc9522
2025-02-05,pytype,2024.10.11,36.5,b97d71bc1f3ce42fed5baa307bfea9e3aafc9522
2025-02-06,mypy,1.15.0,77.4,53daf3c86409a82ce3e70f2b3e3389330b65d79b
2025-02-06,pyre,0.9.23,63.2,53daf3c86409a82ce3e70f2b3e3389330b65d79b
2025-02-06,pyright,1.1.393,99.6,53daf3c86409a82ce3e70f2b3e3389330b65d79b
2025-02-06,pytype,2024.10.11,36.5,53daf3c86409a82ce3e70f2b3e3389330b65d79b
2025-02-17,mypy,1.15.0,77.4,fafcdeb724ac22ace877bee4485ed3b4c3edbbd8
2025-02-17,pyre,0.9.23,63.2,fafcdeb724ac22ace877bee4485ed3b4c3edbbd8
2025-02-17,pyright,1.1.394,100.0,fafcdeb724ac22ace877bee4485ed3b4c3edbbd8
2025-02-17,pytype,2024.10.11,36.5,fafcdeb724ac22ace877bee4485ed3b4c3edbbd8
2025-03-11,mypy,1.15.0,77.4,be7ba9750c129d7c33bc803b6648f4d199d8fe06
2025-03-11,pyre,0.9.23,63.2,be7ba9750c129d7c33bc803b6648f4d199d8fe06
2025-03-11,pyright,1.1.396,100.0,be7ba9750c129d7c33bc803b6648f4d199d8fe06
2025-03-11,pytype,2024.10.11,36.5,be7ba9750c129d7c33bc803b6648f4d199d8fe06
2025-03-28,mypy,1.15.0,77.0,5f97c008e9bc45b9611c2401937ba247df4cf828
2025-03-28,pyre,0.9.23,62.8,5f97c008e9bc45b9611c2401937ba247df4cf828
2025-03-28,pyright,1.1.398,98.9,5f97c008e9bc45b9611c2401937ba247df4cf828
2025-03-28,pytype,2024.10.11,35.8,5f97c008e9bc45b9611c2401937ba247df4cf828
2025-03-31,mypy,1.15.0,77.0,2dea83d64ea11d7972d1c8268092938fb989ad50
2025-03-31,pyre,0.9.23,62.8,2dea83d64ea11d7972d1c8268092938fb989ad50
2025-03-31,pyright,1.1.398,100.0,2dea83d64ea11d7972d1c8268092938fb989ad50
2025-03-31,pytype,2024.10.11,35.8,2dea83d64ea11d7972d1c8268092938fb989ad50
2025-04-02,mypy,1.15.0,77.0,b729bfc494c026a5f60fe5a9d7c346cca5e10f82
2025-04-02,pyre,0.9.23,62.8,b729bfc494c026a5f60fe5a9d7c346cca5e10f82
2025-04-02,pyright,1.1.398,99.6,b729bfc494c026a5f60fe5a9d7c346cca5e10f82
2025-04-02,pytype,2024.10.11,35.8,b729bfc494c026a5f60fe5a9d7c346cca5e10f82
2025-04-05,mypy,1.15.0,77.0,1bec6e97bcb1ad2adec5bf69ea0414f2b3a0ef25
2025-04-05,pyre,0.9.23,62.8,1bec6e97bcb1ad2adec5bf69ea0414f2b3a0ef25
2025-04-05,pyright,1.1.398,99.6,1bec6e97bcb1ad2adec5bf69ea0414f2b3a0ef25
2025-04-05,pytype,2024.10.11,35.8,1bec6e97bcb1ad2adec5bf69ea0414f2b3a0ef25
2025-04-09,mypy,1.15.0,77.0,75a5e9dd7cdde589da6e0c214ca5621e70e4c14e
2025-04-09,pyre,0.9.23,62.8,75a5e9dd7cdde589da6e0c214ca5621e70e4c14e
2025-04-09,pyright,1.1.398,99.6,75a5e9dd7cdde589da6e0c214ca5621e70e4c14e
2025-04-09,pytype,2024.10.11,35.8,75a5e9dd7cdde589da6e0c214ca5621e70e4c14e
2025-04-19,mypy,1.15.0,77.0,9df7bdf0c064bc978b13035272bdca34aca7d782
2025-04-19,pyre,0.9.23,62.8,9df7bdf0c064bc978b13035272bdca34aca7d782
2025-04-19,pyright,1.1.399,99.6,9df7bdf0c064bc978b13035272bdca34aca7d782
2025-04-19,pytype,2024.10.11,35.8,9df7bdf0c064bc978b13035272bdca34aca7d782
2025-04-22,mypy,1.15.0,77.0,ac67f79a58ae33a461a973cc363671d6f264d0e6
2025-04-22,pyre,0.9.23,62.8,ac67f79a58ae33a461a973cc363671d6f264d0e6
2025-04-22,pyright,1.1.399,99.6,ac67f79a58ae33a461a973cc363671d6f264d0e6
2025-04-22,pytype,2024.10.11,35.8,ac67f79a58ae33a461a973cc363671d6f264d0e6
2025-05-20,pytype,2024.10.11,35.8,089d7d37709cb4d05b8593daa102b515cfb08b60
2025-05-20,mypy,1.15.0,77.0,ed97c5bea48e217bfa3a19abf46ddb7e8bb0b021
2025-05-20,pyre,0.9.23,62.8,ed97c5bea48e217bfa3a19abf46ddb7e8bb0b021
2025-05-20,pyright,1.1.400,98.9,ed97c5bea48e217bfa3a19abf46ddb7e8bb0b021
2025-06-04,mypy,1.15.0,76.6,6c964dd2a94786fa61c97518326d62f5ecb8f2ab
2025-06-04,pyre,0.9.23,62.8,6c964dd2a94786fa61c97518326d62f5ecb8f2ab
2025-06-04,pyright,1.1.401,98.5,6c964dd2a94786fa61c97518326d62f5ecb8f2ab
2025-06-05,mypy,1.16.0,76.6,2ed4369fe776c7e2580af168feeab34cf342935d
2025-06-05,pyre,0.9.23,62.8,2ed4369fe776c7e2580af168feeab34cf342935d
2025-06-05,pyright,1.1.401,98.5,2ed4369fe776c7e2580af168feeab34cf342935d
2025-06-06,mypy,1.16.0,76.6,9e4ac4732438ecc1231a83ee0e6e0a8990046687
2025-06-06,pyre,0.9.23,62.8,9e4ac4732438ecc1231a83ee0e6e0a8990046687
2025-06-06,pyright,1.1.401,98.2,9e4ac4732438ecc1231a83ee0e6e0a8990046687
2025-06-17,mypy,1.16.0,77.0,d25bc6c90cf4afc4b7e6a50f42da2cdd494ee7b1
2025-06-17,pyre,0.9.23,62.8,d25bc6c90cf4afc4b7e6a50f42da2cdd494ee7b1
2025-06-17,pyright,1.1.401,98.9,d25bc6c90cf4afc4b7e6a50f42da2cdd494ee7b1
2025-06-29,mypy,1.16.1,77.0,3fc17d1505b2fff2268c73200ed5317ae0b0a736
2025-06-29,pyre,0.9.23,62.8,3fc17d1505b2fff2268c73200ed5317ae0b0a736
2025-06-29,pyright,1.1.402,98.9,3fc17d1505b2fff2268c73200ed5317ae0b0a736
2025-07-21,mypy,1.17.0,77.4,e35ffb66d6fe8c72f39c2df58e765b3e8598e41a
2025-07-21,pyre,0.9.25,62.8,e35ffb66d6fe8c72f39c2df58e765b3e8598e41a
2025-07-21,pyright,1.1.403,99.6,e35ffb66d6fe8c72f39c2df58e765b3e8598e41a
2025-07-22,mypy,1.17.0,77.4,d4f39b27a4a47aac8b6d4019e1b0b5b3156fabdc
2025-07-22,pyre,0.9.25,62.8,d4f39b27a4a47aac8b6d4019e1b0b5b3156fabdc
2025-07-22,pyright,1.1.403,99.6,d4f39b27a4a47aac8b6d4019e1b0b5b3156fabdc
2025-08-02,mypy,1.17.1,77.4,c141cdfb9d7085c1aafa76726c8ce08362837e8b
2025-08-02,pyre,0.9.25,62.8,c141cdfb9d7085c1aafa76726c8ce08362837e8b
2025-08-02,pyright,1.1.403,99.6,c141cdfb9d7085c1aafa76726c8ce08362837e8b
2025-08-16,mypy,1.17.1,77.5,d2f9b087da989626b8d06107aedbeb8baaf94533
2025-08-16,pyre,0.9.25,62.7,d2f9b087da989626b8d06107aedbeb8baaf94533
2025-08-16,pyright,1.1.403,99.3,d2f9b087da989626b8d06107aedbeb8baaf94533
2025-08-16,zuban,0.0.19,84.8,d2f9b087da989626b8d06107aedbeb8baaf94533
2025-08-17,mypy,1.17.1,77.0,b57e1ff4924ea9e1fca87240bc5db8b5564f7b2e
2025-08-17,pyre,0.9.25,62.2,b57e1ff4924ea9e1fca87240bc5db8b5564f7b2e
2025-08-17,pyright,1.1.403,99.3,b57e1ff4924ea9e1fca87240bc5db8b5564f7b2e
2025-08-17,zuban,0.0.19,84.2,b57e1ff4924ea9e1fca87240bc5db8b5564f7b2e
2025-08-19,mypy,1.17.1,77.0,9d613b10bd1bfab483a9d0ccf82a3c6f6b1c4603
2025-08-19,pyre,0.9.25,62.2,9d613b10bd1bfab483a9d0ccf82a3c6f6b1c4603
2025-08-19,pyright,1.1.403,99.3,9d613b10bd1bfab483a9d0ccf82a3c6f6b1c4603
2025-08-19,zuban,0.0.19,84.2,9d613b10bd1bfab483a9d0ccf82a3c6f6b1c4603
2025-08-20,mypy,1.17.1,77.0,05afd79aa2befd49d242361cf96da198cedc3bcc
2025-08-20,pyre,0.9.25,62.2,05afd79aa2befd49d242361cf96da198cedc3bcc
2025-08-20,pyright,1.1.403,99.3,05afd79aa2befd49d242361cf96da198cedc3bcc
2025-08-20,zuban,0.0.19,84.2,05afd79aa2befd49d242361cf96da198cedc3bcc
2025-08-27,mypy,1.17.1,77.0,fb7fe96ce71669a1679d6f3229856ed2426e27e9
2025-08-27,pyre,0.9.25,62.2,fb7fe96ce71669a1679d6f3229856ed2426e27e9
2025-08-27,pyright,1.1.403,98.9,fb7fe96ce71669a1679d6f3229856ed2426e27e9
2025-08-27,zuban,0.0.19,84.2,fb7fe96ce71669a1679d6f3229856ed2426e27e9
2025-08-29,mypy,1.17.1,77.0,5c925620bba46ce2f17fce518de4cda2cae17ffb
2025-08-29,pyre,0.9.25,62.2,5c925620bba46ce2f17fce518de4cda2cae17ffb
2025-08-29,pyright,1.1.404,98.9,5c925620bba46ce2f17fce518de4cda2cae17ffb
2025-08-29,zuban,0.0.20,84.2,5c925620bba46ce2f17fce518de4cda2cae17ffb
2025-08-31,mypy,1.17.1,77.0,f2f4c40d6db2a2751ada90ee3a428e7392beb0f6
2025-08-31,pyre,0.9.25,62.2,f2f4c40d6db2a2751ada90ee3a428e7392beb0f6
2025-08-31,pyrefly,0.30.0,77.0,f2f4c40d6db2a2751ada90ee3a428e7392beb0f6
2025-08-31,pyright,1.1.404,98.9,f2f4c40d6db2a2751ada90ee3a428e7392beb0f6
2025-08-31,zuban,0.0.20,84.2,f2f4c40d6db2a2751ada90ee3a428e7392beb0f6
2025-09-01,mypy,1.17.1,77.0,f0decdcb56d0dc9bd2d928cabda7e4462d098b1f
2025-09-01,pyre,0.9.25,62.2,f0decdcb56d0dc9bd2d928cabda7e4462d098b1f
2025-09-01,pyrefly,0.30.0,77.0,f0decdcb56d0dc9bd2d928cabda7e4462d098b1f
2025-09-01,pyright,1.1.404,98.9,f0decdcb56d0dc9bd2d928cabda7e4462d098b1f
2025-09-01,zuban,0.0.20,84.2,f0decdcb56d0dc9bd2d928cabda7e4462d098b1f
2025-10-09,mypy,1.17.1,77.0,2f008ed5c01afa9fb044cf5e18c7dbcbe41842fb
2025-10-09,pyre,0.9.25,62.2,2f008ed5c01afa9fb044cf5e18c7dbcbe41842fb
2025-10-09,pyrefly,0.30.0,77.0,2f008ed5c01afa9fb044cf5e18c7dbcbe41842fb
2025-10-09,pyright,1.1.404,98.9,2f008ed5c01afa9fb044cf5e18c7dbcbe41842fb
2025-10-09,zuban,0.0.24,87.8,2f008ed5c01afa9fb044cf5e18c7dbcbe41842fb
2025-10-10,mypy,1.18.2,77.3,ecc212940ea9dd794604a5b5a68af38a95400d8f
2025-10-10,pyre,0.9.25,62.9,ecc212940ea9dd794604a5b5a68af38a95400d8f
2025-10-10,pyrefly,0.36.2,80.9,ecc212940ea9dd794604a5b5a68af38a95400d8f
2025-10-10,pyright,1.1.406,99.6,ecc212940ea9dd794604a5b5a68af38a95400d8f
2025-10-10,zuban,0.0.24,87.1,ecc212940ea9dd794604a5b5a68af38a95400d8f
2025-10-11,mypy,1.18.2,77.3,b63414cc8e2055a7fab5d94cac92844d5fca1ebe
2025-10-11,pyre,0.9.25,62.9,b63414cc8e2055a7fab5d94cac92844d5fca1ebe
2025-10-11,pyrefly,0.36.2,80.9,b63414cc8e2055a7fab5d94cac92844d5fca1ebe
2025-10-11,pyright,1.1.406,99.6,b63414cc8e2055a7fab5d94cac92844d5fca1ebe
2025-10-11,zuban,0.1.0,87.1,b63414cc8e2055a7fab5d94cac92844d5fca1ebe
2025-10-13,mypy,1.18.2,77.3,0fc5f85dee6d945ed51a14f5ba365b770e5e9f9e
2025-10-13,pyrefly,0.37.0,82.0,0fc5f85dee6d945ed51a14f5ba365b770e5e9f9e
2025-10-13,pyright,1.1.406,99.6,0fc5f85dee6d945ed51a14f5ba365b770e5e9f9e
2025-10-13,zuban,0.1.0,87.1,0fc5f85dee6d945ed51a14f5ba365b770e5e9f9e
2025-10-14,mypy,1.18.2,77.3,f90337754903d5083c8adcb69be49589e7f57631
2025-10-14,pyrefly,0.37.0,81.7,f90337754903d5083c8adcb69be49589e7f57631
2025-10-14,pyright,1.1.406,99.3,f90337754903d5083c8adcb69be49589e7f57631
2025-10-14,zuban,0.1.0,87.1,f90337754903d5083c8adcb69be49589e7f57631
2025-10-22,mypy,1.18.2,77.3,9f6d8ced7cd1c8d92687a4e9c96d7716452e471e
2025-10-22,pyrefly,0.38.1,83.5,9f6d8ced7cd1c8d92687a4e9c96d7716452e471e
2025-10-22,pyright,1.1.406,99.3,9f6d8ced7cd1c8d92687a4e9c96d7716452e471e
2025-10-22,zuban,0.1.1,87.1,9f6d8ced7cd1c8d92687a4e9c96d7716452e471e
2025-11-03,mypy,1.18.2,77.3,111aece5ff8859e218817e4e865d42fe3b2ea393
2025-11-03,pyrefly,0.39.4,83.5,111aece5ff8859e218817e4e865d42fe3b2ea393
2025-11-03,pyright,1.1.407,99.3,111aece5ff8859e218817e4e865d42fe3b2ea393
2025-11-03,zuban,0.2.1,87.1,111aece5ff8859e218817e4e865d42fe3b2ea393
2025-11-29,mypy,1.18.2,77.3,3590634d624dad39a8a550a6e1e5a5238e4ea28c
2025-11-29,pyrefly,0.43.1,84.9,3590634d624dad39a8a550a6e1e5a5238e4ea28c
2025-11-29,pyright,1.1.407,99.6,3590634d624dad39a8a550a6e1e5a5238e4ea28c
2025-11-29,zuban,0.2.3,86.7,3590634d624dad39a8a550a6e1e5a5238e4ea28c
2025-12-13,mypy,1.19.0,77.3,f6204ef8b39cf4280b64822f86f61e94ac5a5814
2025-12-13,pyrefly,0.45.2,84.9,f6204ef8b39cf4280b64822f86f61e94ac5a5814
2025-12-13,pyright,1.1.407,99.6,f6204ef8b39cf4280b64822f86f61e94ac5a5814
2025-12-13,zuban,0.3.0,86.7,f6204ef8b39cf4280b64822f86f61e94ac5a5814
2025-12-14,mypy,1.19.0,77.3,211b0cb5470e856f6093f7c3d688295f72f78bb6
2025-12-14,pyrefly,0.45.2,85.6,211b0cb5470e856f6093f7c3d688295f72f78bb6
2025-12-14,pyright,1.1.407,99.6,211b0cb5470e856f6093f7c3d688295f72f78bb6
2025-12-14,zuban,0.3.0,87.1,211b0cb5470e856f6093f7c3d688295f72f78bb6
2026-01-08,mypy,1.19.1,77.3,dece44f2922ca390fe314145d09939514a21e76e
2026-01-08,pyrefly,0.46.1,86.3,dece44f2922ca390fe314145d09939514a21e76e
2026-01-08,pyright,1.1.407,99.6,dece44f2922ca390fe314145d09939514a21e76e
2026-01-08,zuban,0.4.1,98.6,dece44f2922ca390fe314145d09939514a21e76e
2026-01-22,mypy,1.19.1,77.3,20096eeba502b1bf955fcf62b389adbaa63fc61b
2026-01-22,pyrefly,0.46.1,86.3,20096eeba502b1bf955fcf62b389adbaa63fc61b
2026-01-22,pyright,1.1.407,99.6,20096eeba502b1bf955fcf62b389adbaa63fc61b
2026-01-22,zuban,0.4.1,98.6,20096eeba502b1bf955fcf62b389adbaa63fc61b
2026-01-27,mypy,1.19.1,77.3,b40321ce2037f67e1976e1b03a7766636ae54dc7
2026-01-27,pyrefly,0.50.0,87.8,b40321ce2037f67e1976e1b03a7766636ae54dc7
2026-01-27,pyright,1.1.408,99.3,b40321ce2037f67e1976e1b03a7766636ae54dc7
2026-01-27,zuban,0.4.2,98.9,b40321ce2037f67e1976e1b03a7766636ae54dc7
2026-02-14,mypy,1.19.1,77.3,ffd520acd116aacbbba793c8f1f1fd51dfda83ae
2026-02-14,pyrefly,0.50.0,88.1,ffd520acd116aacbbba793c8f1f1fd51dfda83ae
2026-02-14,pyright,1.1.408,99.3,ffd520acd116aacbbba793c8f1f1fd51dfda83ae
2026-02-14,zuban,0.4.2,98.9,ffd520acd116aacbbba793c8f1f1fd51dfda83ae
2026-02-20,mypy,1.19.1,77.3,294a354344ae54feaec0924d166779b90cde501d
2026-02-20,pyrefly,0.53.0,93.2,294a354344ae54feaec0924d166779b90cde501d
2026-02-20,pyright,1.1.408,99.3,294a354344ae54feaec0924d166779b90cde501d
2026-02-20,zuban,0.5.1,98.6,294a354344ae54feaec0924d166779b90cde501d
2026-02-23,mypy,1.19.1,77.3,147bd1a3825d99a9384c9aee19aec26e104e7d96
2026-02-23,pyrefly,0.53.0,93.2,147bd1a3825d99a9384c9aee19aec26e104e7d96
2026-02-23,pyright,1.1.408,99.3,147bd1a3825d99a9384c9aee19aec26e104e7d96
2026-02-23,zuban,0.5.1,98.6,147bd1a3825d99a9384c9aee19aec26e104e7d96
2026-02-24,mypy,1.19.1,77.3,4617cb991c653c7cc7cf0984649985557633285a
2026-02-24,pyrefly,0.53.0,93.2,4617cb991c653c7cc7cf0984649985557633285a
2026-02-24,pyright,1.1.408,99.3,4617cb991c653c7cc7cf0984649985557633285a
2026-02-24,zuban,0.6.0,98.6,4617cb991c653c7cc7cf0984649985557633285a
2026-02-27,pyrefly,0.53.0,92.8,e9fccc9dbbd8f1e8b24b4f88911c3d3155059e2a
2026-02-27,zuban,0.6.0,98.6,e9fccc9dbbd8f1e8b24b4f88911c3d3155059e2a
2026-02-27,mypy,1.19.1,77.3,6b1a64cfbfab5e07a28fb5a811011449cb60b04b
2026-02-27,pyrefly,0.54.0,93.2,6b1a64cfbfab5e07a28fb5a811011449cb60b04b
2026-02-27,pyright,1.1.408,99.3,6b1a64cfbfab5e07a28fb5a811011449cb60b04b
2026-02-27,zuban,0.6.1,98.9,6b1a64cfbfab5e07a28fb5a811011449cb60b04b
2026-03-03,mypy,1.19.1,77.0,5b5f2f89bd19462f4707400f0437ab5a48d88bb3
2026-03-03,pyrefly,0.54.0,93.2,5b5f2f89bd19462f4707400f0437ab5a48d88bb3
2026-03-03,pyright,1.1.408,99.3,5b5f2f89bd19462f4707400f0437ab5a48d88bb3
2026-03-03,zuban,0.6.1,98.6,5b5f2f89bd19462f4707400f0437ab5a48d88bb3
2026-03-07,mypy,1.19.1,77.0,22d9392a5ead302cc02c47ecbbcf3aa40106fd9f
2026-03-07,pyrefly,0.54.0,93.2,22d9392a5ead302cc02c47ecbbcf3aa40106fd9f
2026-03-07,pyright,1.1.408,99.3,22d9392a5ead302cc02c47ecbbcf3aa40106fd9f
2026-03-07,ty,0.0.21,67.6,22d9392a5ead302cc02c47ecbbcf3aa40106fd9f
2026-03-07,zuban,0.6.1,98.6,22d9392a5ead302cc02c47ecbbcf3aa40106fd9f
2026-03-08,mypy,1.19.1,76.8,b6411fafea4458aa6d4b6852d94a519bd71a41a3
2026-03-08,pyrefly,0.54.0,92.5,b6411fafea4458aa6d4b6852d94a519bd71a41a3
2026-03-08,pyright,1.1.408,98.6,b6411fafea4458aa6d4b6852d94a519bd71a41a3
2026-03-08,ty,0.0.21,67.1,b6411fafea4458aa6d4b6852d94a519bd71a41a3
2026-03-08,zuban,0.6.1,98.2,b6411fafea4458aa6d4b6852d94a519bd71a41a3
2026-03-09,mypy,1.19.1,77.1,e6b1896baa7c9bb6ba6e563a66aa1fb717698eb9
2026-03-09,pyrefly,0.54.0,92.5,e6b1896baa7c9bb6ba6e563a66aa1fb717698eb9
2026-03-09,pyright,1.1.408,98.6,e6b1896baa7c9bb6ba6e563a66aa1fb717698eb9
2026-03-09,ty,0.0.21,67.5,e6b1896baa7c9bb6ba6e563a66aa1fb717698eb9
2026-03-09,zuban,0.6.1,98.2,e6b1896baa7c9bb6ba6e563a66aa1fb717698eb9
2026-03-11,mypy,1.19.1,77.1,62491d5c9cc1dd052c385882e72ed8666bb7fa41
2026-03-11,pyrefly,0.56.0,93.6,62491d5c9cc1dd052c385882e72ed8666bb7fa41
2026-03-11,pyright,1.1.408,98.6,62491d5c9cc1dd052c385882e72ed8666bb7fa41
2026-03-11,ty,0.0.21,67.5,62491d5c9cc1dd052c385882e72ed8666bb7fa41
2026-03-11,zuban,0.6.1,98.2,62491d5c9cc1dd052c385882e72ed8666bb7fa41
2026-03-12,mypy,1.19.1,77.1,81e4a704b8808e90ded7ebb287893b0e92be6ae6
2026-03-12,pyrefly,0.56.0,93.6,81e4a704b8808e90ded7ebb287893b0e92be6ae6
2026-03-12,pyright,1.1.408,98.6,81e4a704b8808e90ded7ebb287893b0e92be6ae6
2026-03-12,ty,0.0.22,67.5,81e4a704b8808e90ded7ebb287893b0e92be6ae6
2026-03-12,zuban,0.6.1,98.2,81e4a704b8808e90ded7ebb287893b0e92be6ae6
2026-03-25,mypy,1.19.1,77.1,755292cdc72d9a01c83f356586452e6f53be4d6f
2026-03-25,pyrefly,0.56.0,93.6,755292cdc72d9a01c83f356586452e6f53be4d6f
2026-03-25,pyright,1.1.408,98.2,755292cdc72d9a01c83f356586452e6f53be4d6f
2026-03-25,ty,0.0.22,67.5,755292cdc72d9a01c83f356586452e6f53be4d6f
2026-03-25,zuban,0.6.1,98.2,755292cdc72d9a01c83f356586452e6f53be4d6f
2026-03-26,mypy,1.19.1,77.1,5330f2cff842dd5fd5f2ca07b661de2a5e32f935
2026-03-26,pyrefly,0.56.0,93.6,5330f2cff842dd5fd5f2ca07b661de2a5e32f935
2026-03-26,pyright,1.1.408,98.2,5330f2cff842dd5fd5f2ca07b661de2a5e32f935
2026-03-26,ty,0.0.26,69.6,5330f2cff842dd5fd5f2ca07b661de2a5e32f935
2026-03-26,zuban,0.6.1,98.2,5330f2cff842dd5fd5f2ca07b661de2a5e32f935
2026-03-31,ty,0.0.26,69.6,77dec5068d01fc3936d0be4c29abee735063721b
2026-03-31,mypy,1.19.1,77.1,418094fbe8d44f3ba8586bca93fc3ef22b8fa4fe
2026-03-31,pyrefly,0.58.0,94.3,418094fbe8d44f3ba8586bca93fc3ef22b8fa4fe
2026-03-31,pyright,1.1.408,98.2,418094fbe8d44f3ba8586bca93fc3ef22b8fa4fe
2026-03-31,ty,0.0.27,71.1,418094fbe8d44f3ba8586bca93fc3ef22b8fa4fe
2026-03-31,zuban,0.6.2,98.9,418094fbe8d44f3ba8586bca93fc3ef22b8fa4fe
2026-04-02,ty,0.0.27,71.1,56ffa795fe784e05aef7a94c728bbd3b0e81de1d
2026-04-02,mypy,1.19.1,77.1,bdd601c61699e3272a7560258db08fc28c010f0c
2026-04-02,pyrefly,0.58.0,93.9,bdd601c61699e3272a7560258db08fc28c010f0c
2026-04-02,pyright,1.1.408,97.5,bdd601c61699e3272a7560258db08fc28c010f0c
2026-04-02,ty,0.0.28,72.1,bdd601c61699e3272a7560258db08fc28c010f0c
2026-04-02,zuban,0.6.2,98.6,bdd601c61699e3272a7560258db08fc28c010f0c
2026-04-06,mypy,1.19.1,77.1,fecce0d68eda545027403c6644fdc5dac01ae4e0
2026-04-06,pyrefly,0.58.0,93.9,fecce0d68eda545027403c6644fdc5dac01ae4e0
2026-04-06,pyright,1.1.408,97.5,fecce0d68eda545027403c6644fdc5dac01ae4e0
2026-04-06,ty,0.0.29,73.2,fecce0d68eda545027403c6644fdc5dac01ae4e0
2026-04-06,zuban,0.6.2,98.6,fecce0d68eda545027403c6644fdc5dac01ae4e0
2026-04-08,mypy,1.19.1,77.1,d08c0538fe565f7640c89bf5bc5db74bfe817527
2026-04-08,pyrefly,0.58.0,93.9,d08c0538fe565f7640c89bf5bc5db74bfe817527
2026-04-08,zuban,0.6.2,98.6,d08c0538fe565f7640c89bf5bc5db74bfe817527
2026-04-08,mypy,1.20.0,77.1,da98cf2e6e2341675ebb4671c14c431ad295bb82
2026-04-08,pyrefly,0.60.0,95.4,da98cf2e6e2341675ebb4671c14c431ad295bb82
2026-04-08,pyright,1.1.408,97.5,da98cf2e6e2341675ebb4671c14c431ad295bb82
2026-04-08,ty,0.0.29,73.6,da98cf2e6e2341675ebb4671c14c431ad295bb82
2026-04-08,zuban,0.7.0,99.3,da98cf2e6e2341675ebb4671c14c431ad295bb82
2026-04-14,mypy,1.20.0,77.5,7349d2387f6c625a3cc8992637d2b65267e6dd91
2026-04-14,pyrefly,0.60.0,95.4,7349d2387f6c625a3cc8992637d2b65267e6dd91
2026-04-14,pyright,1.1.408,97.5,7349d2387f6c625a3cc8992637d2b65267e6dd91
2026-04-14,ty,0.0.29,73.6,7349d2387f6c625a3cc8992637d2b65267e6dd91
2026-04-14,zuban,0.7.0,99.3,7349d2387f6c625a3cc8992637d2b65267e6dd91
2026-04-15,ty,0.0.30,73.9,ba681644208317f5b89f737087ab029cc103d99b
2026-04-15,mypy,1.20.0,77.5,268d0c4e826fe12ddb804ad7b1501a1d60b1af1c
2026-04-15,pyrefly,0.60.0,95.4,268d0c4e826fe12ddb804ad7b1501a1d60b1af1c
2026-04-15,pyright,1.1.408,97.5,268d0c4e826fe12ddb804ad7b1501a1d60b1af1c
2026-04-15,ty,0.0.31,74.3,268d0c4e826fe12ddb804ad7b1501a1d60b1af1c
2026-04-15,zuban,0.7.0,99.3,268d0c4e826fe12ddb804ad7b1501a1d60b1af1c
2026-04-17,mypy,1.20.0,77.7,322fb100600dfde459127d016fb31290e87d844c
2026-04-17,pyrefly,0.60.0,94.7,322fb100600dfde459127d016fb31290e87d844c
2026-04-17,pyright,1.1.408,96.8,322fb100600dfde459127d016fb31290e87d844c
2026-04-17,ty,0.0.31,74.1,322fb100600dfde459127d016fb31290e87d844c
2026-04-17,zuban,0.7.0,98.6,322fb100600dfde459127d016fb31290e87d844c
2026-04-20,mypy,1.20.0,77.7,71aaf59b84556df9eade7b48442bc62a1470f512
2026-04-20,pyrefly,0.60.0,94.7,71aaf59b84556df9eade7b48442bc62a1470f512
2026-04-20,pyright,1.1.408,96.8,71aaf59b84556df9eade7b48442bc62a1470f512
2026-04-20,ty,0.0.32,74.5,71aaf59b84556df9eade7b48442bc62a1470f512
2026-04-20,zuban,0.7.0,98.6,71aaf59b84556df9eade7b48442bc62a1470f512
2026-04-21,mypy,1.20.0,77.7,cf84b527579f820ef9df4e8745c52b8c202b53dc
2026-04-21,pyrefly,0.62.0,95.4,cf84b527579f820ef9df4e8745c52b8c202b53dc
2026-04-21,pyright,1.1.408,96.8,cf84b527579f820ef9df4e8745c52b8c202b53dc
2026-04-21,ty,0.0.32,74.5,cf84b527579f820ef9df4e8745c52b8c202b53dc
2026-04-21,zuban,0.7.0,98.6,cf84b527579f820ef9df4e8745c52b8c202b53dc
2026-04-24,mypy,1.20.0,77.7,5d4cbb91ef535a22b132721f5f32088c1fdf59da
2026-04-24,pyrefly,0.62.0,95.4,5d4cbb91ef535a22b132721f5f32088c1fdf59da
2026-04-24,pyright,1.1.408,96.8,5d4cbb91ef535a22b132721f5f32088c1fdf59da
2026-04-24,ty,0.0.32,74.8,5d4cbb91ef535a22b132721f5f32088c1fdf59da
2026-04-24,zuban,0.7.0,98.9,5d4cbb91ef535a22b132721f5f32088c1fdf59da
2026-04-25,mypy,1.20.2,77.7,d8fb312aadb826daefe09d04b90ecba237c53e68
2026-04-25,pyrefly,0.62.0,95.4,d8fb312aadb826daefe09d04b90ecba237c53e68
2026-04-25,pyright,1.1.409,97.2,d8fb312aadb826daefe09d04b90ecba237c53e68
2026-04-25,ty,0.0.32,74.8,d8fb312aadb826daefe09d04b90ecba237c53e68
2026-04-25,zuban,0.7.0,98.9,d8fb312aadb826daefe09d04b90ecba237c53e68
2026-04-28,mypy,1.20.2,77.7,6483940ffaf4ab6b515513fbda8b81661372e2f3
2026-04-28,pyrefly,0.62.0,95.4,6483940ffaf4ab6b515513fbda8b81661372e2f3
2026-04-28,pyright,1.1.409,97.2,6483940ffaf4ab6b515513fbda8b81661372e2f3
2026-04-28,ty,0.0.33,77.0,6483940ffaf4ab6b515513fbda8b81661372e2f3
2026-04-28,zuban,0.7.0,98.9,6483940ffaf4ab6b515513fbda8b81661372e2f3
2026-05-02,mypy,1.20.2,77.7,06cc15351b2891aebc80ed82402decef789e57e0
2026-05-02,pycroscope,0.4.0,92.6,06cc15351b2891aebc80ed82402decef789e57e0
2026-05-02,pyrefly,0.63.1,95.7,06cc15351b2891aebc80ed82402decef789e57e0
2026-05-02,pyright,1.1.409,97.2,06cc15351b2891aebc80ed82402decef789e57e0
2026-05-02,ty,0.0.34,77.7,06cc15351b2891aebc80ed82402decef789e57e0
2026-05-02,zuban,0.7.1,99.6,06cc15351b2891aebc80ed82402decef789e57e0
2026-05-10,mypy,1.20.2,77.7,81b183cda6aae486920a0c58f6f51c0f5315ad72
2026-05-10,pycroscope,0.4.0,92.6,81b183cda6aae486920a0c58f6f51c0f5315ad72
2026-05-10,pyrefly,0.63.1,95.7,81b183cda6aae486920a0c58f6f51c0f5315ad72
2026-05-10,pyright,1.1.409,97.2,81b183cda6aae486920a0c58f6f51c0f5315ad72
2026-05-10,ty,0.0.35,78.4,81b183cda6aae486920a0c58f6f51c0f5315ad72
2026-05-10,zuban,0.7.1,99.6,81b183cda6aae486920a0c58f6f51c0f5315ad72
2026-05-16,mypy,1.20.2,77.3,3cdfa086dcb63432d63acd4e98677f1361dd7c69
2026-05-16,pycroscope,0.4.0,92.2,3cdfa086dcb63432d63acd4e98677f1361dd7c69
2026-05-16,pyrefly,0.63.1,95.7,3cdfa086dcb63432d63acd4e98677f1361dd7c69
2026-05-16,pyright,1.1.409,96.8,3cdfa086dcb63432d63acd4e98677f1361dd7c69
2026-05-16,ty,0.0.35,78.4,3cdfa086dcb63432d63acd4e98677f1361dd7c69
2026-05-16,zuban,0.7.1,99.6,3cdfa086dcb63432d63acd4e98677f1361dd7c69
2026-05-21,mypy,2.1.0,77.3,a4d235396045dea81dd7aa2bf9d090221eb28572
2026-05-21,pycroscope,0.4.0,92.2,a4d235396045dea81dd7aa2bf9d090221eb28572
2026-05-21,pyrefly,1.0.0,95.7,a4d235396045dea81dd7aa2bf9d090221eb28572
2026-05-21,pyright,1.1.409,96.8,a4d235396045dea81dd7aa2bf9d090221eb28572
2026-05-21,ty,0.0.38,78.4,a4d235396045dea81dd7aa2bf9d090221eb28572
2026-05-21,zuban,0.7.2,99.6,a4d235396045dea81dd7aa2bf9d090221eb28572
2026-05-27,mypy,2.1.0,77.3,94514b12d6d6ee61fd0204699950265ceb401a8e
2026-05-27,pycroscope,0.4.0,92.2,94514b12d6d6ee61fd0204699950265ceb401a8e
2026-05-27,pyrefly,1.0.0,95.7,94514b12d6d6ee61fd0204699950265ceb401a8e
2026-05-27,pyright,1.1.409,96.8,94514b12d6d6ee61fd0204699950265ceb401a8e
2026-05-27,ty,0.0.40,80.9,94514b12d6d6ee61fd0204699950265ceb401a8e
2026-05-27,zuban,0.7.2,99.6,94514b12d6d6ee61fd0204699950265ceb401a8e
2026-06-10,mypy,2.1.0,77.3,bbaa4d17e5e261936b6f6676f025719525d5966a
2026-06-10,pycroscope,0.4.0,92.2,bbaa4d17e5e261936b6f6676f025719525d5966a
2026-06-10,pyrefly,1.0.0,95.7,bbaa4d17e5e261936b6f6676f025719525d5966a
2026-06-10,pyright,1.1.409,96.8,bbaa4d17e5e261936b6f6676f025719525d5966a
2026-06-10,ty,0.0.48,81.6,bbaa4d17e5e261936b6f6676f025719525d5966a
2026-06-10,zuban,0.7.2,99.6,bbaa4d17e5e261936b6f6676f025719525d5966a
2026-06-18,mypy,2.1.0,77.3,7c607df5111cf9559f1501f5e8beca8213bfb713
2026-06-18,pycroscope,0.4.0,92.2,7c607df5111cf9559f1501f5e8beca8213bfb713
2026-06-18,pyrefly,1.1.0,97.9,7c607df5111cf9559f1501f5e8beca8213bfb713
2026-06-18,pyright,1.1.410,96.8,7c607df5111cf9559f1501f5e8beca8213bfb713
2026-06-18,ty,0.0.50,82.3,7c607df5111cf9559f1501f5e8beca8213bfb713
2026-06-18,zuban,0.8.2,99.6,7c607df5111cf9559f1501f5e8beca8213bfb713
2026-06-22,mypy,2.1.0,77.3,ddb51078a272bbd5cb57b8619c49c4f361bd105a
2026-06-22,pycroscope,0.4.0,92.2,ddb51078a272bbd5cb57b8619c49c4f361bd105a
2026-06-22,pyrefly,1.1.0,97.9,ddb51078a272bbd5cb57b8619c49c4f361bd105a
2026-06-22,pyright,1.1.410,96.8,ddb51078a272bbd5cb57b8619c49c4f361bd105a
2026-06-22,ty,0.0.50,82.3,ddb51078a272bbd5cb57b8619c49c4f361bd105a
2026-06-22,zuban,0.8.2,99.6,ddb51078a272bbd5cb57b8619c49c4f361bd105a
2026-07-06,basilisk,0.27.0,100.0,f05162592e5688026cad9f2995050d87485f70db
2026-07-06,mypy,2.1.0,77.3,f05162592e5688026cad9f2995050d87485f70db
2026-07-06,pycroscope,0.4.0,92.2,f05162592e5688026cad9f2995050d87485f70db
2026-07-06,pyrefly,1.1.0,97.9,f05162592e5688026cad9f2995050d87485f70db
2026-07-06,pyright,1.1.410,96.8,f05162592e5688026cad9f2995050d87485f70db
2026-07-06,ty,0.0.50,82.3,f05162592e5688026cad9f2995050d87485f70db
2026-07-06,zuban,0.8.2,99.6,f05162592e5688026cad9f2995050d87485f70db
2026-07-11,basilisk,0.27.0,100.0,6ef9f7719ecfff09dad8724ef42b621fd994fb5e
2026-07-11,mypy,2.1.0,77.3,6ef9f7719ecfff09dad8724ef42b621fd994fb5e
2026-07-11,pycroscope,0.4.0,92.2,6ef9f7719ecfff09dad8724ef42b621fd994fb5e
2026-07-11,pyrefly,1.1.0,97.9,6ef9f7719ecfff09dad8724ef42b621fd994fb5e
2026-07-11,pyright,1.1.410,96.8,6ef9f7719ecfff09dad8724ef42b621fd994fb5e
2026-07-11,ty,0.0.50,82.3,6ef9f7719ecfff09dad8724ef42b621fd994fb5e
2026-07-11,zuban,0.8.2,99.6,6ef9f7719ecfff09dad8724ef42b621fd994fb5e
2026-07-31,basilisk,0.27.0,100.0,3410759355c3018063d3a446102f88621fc43eb5
2026-07-31,mypy,2.1.0,77.3,3410759355c3018063d3a446102f88621fc43eb5
2026-07-31,pycroscope,0.4.0,92.2,3410759355c3018063d3a446102f88621fc43eb5
2026-07-31,pyrefly,1.1.0,97.9,3410759355c3018063d3a446102f88621fc43eb5
2026-07-31,pyright,1.1.410,96.8,3410759355c3018063d3a446102f88621fc43eb5
2026-07-31,ty,0.0.65,86.5,3410759355c3018063d3a446102f88621fc43eb5
2026-07-31,zuban,0.8.2,99.6,3410759355c3018063d3a446102f88621fc43eb5
2026-08-04,basilisk,0.27.0,99.6,a4906624f170c169cf667f962080c56d5a5ba6ff
2026-08-04,mypy,2.1.0,77.3,a4906624f170c169cf667f962080c56d5a5ba6ff
2026-08-04,pycroscope,0.4.0,92.2,a4906624f170c169cf667f962080c56d5a5ba6ff
2026-08-04,pyrefly,1.1.0,97.9,a4906624f170c169cf667f962080c56d5a5ba6ff
2026-08-04,pyright,1.1.410,96.5,a4906624f170c169cf667f962080c56d5a5ba6ff
2026-08-04,ty,0.0.66,87.6,a4906624f170c169cf667f962080c56d5a5ba6ff
2026-08-04,zuban,0.8.2,99.3,a4906624f170c169cf667f962080c56d5a5ba6ff
2026-08-05,ty,0.0.66,87.6,c43d32e1f3ebfc99c602e733238067388ab6a64f
2026-08-05,mypy,2.1.0,77.3,4f470b0ff13b7625df11e9ef8d8fac3f62c0a0ab
2026-08-05,pycroscope,0.4.0,92.2,4f470b0ff13b7625df11e9ef8d8fac3f62c0a0ab
2026-08-05,pyrefly,1.1.0,97.9,4f470b0ff13b7625df11e9ef8d8fac3f62c0a0ab
2026-08-05,pyright,1.1.410,96.5,4f470b0ff13b7625df11e9ef8d8fac3f62c0a0ab
2026-08-05,ty,0.0.67,88.7,4f470b0ff13b7625df11e9ef8d8fac3f62c0a0ab
2026-08-05,zuban,0.8.2,99.3,4f470b0ff13b7625df11e9ef8d8fac3f62c0a0ab
2026-08-07,mypy,2.1.0,76.8,513ebea11bfd668ed343e3cafadff354778035cd
2026-08-07,pycroscope,0.4.0,92.3,513ebea11bfd668ed343e3cafadff354778035cd
2026-08-07,pyrefly,1.3.0-dev.1,99.3,513ebea11bfd668ed343e3cafadff354778035cd
2026-08-07,pyright,1.1.410,96.1,513ebea11bfd668ed343e3cafadff354778035cd
2026-08-07,ty,0.0.67,88.7,513ebea11bfd668ed343e3cafadff354778035cd
2026-08-07,zuban,0.8.2,99.3,513ebea11bfd668ed343e3cafadff354778035cd
2026-08-08,mypy,2.1.0,76.1,fa0a78a67b2844561c0281f3b9e5eb9464e12750
2026-08-08,pycroscope,0.4.0,91.9,fa0a78a67b2844561c0281f3b9e5eb9464e12750
2026-08-08,pyrefly,1.3.0-dev.1,99.3,fa0a78a67b2844561c0281f3b9e5eb9464e12750
2026-08-08,pyright,1.1.410,95.8,fa0a78a67b2844561c0281f3b9e5eb9464e12750
2026-08-08,ty,0.0.67,88.4,fa0a78a67b2844561c0281f3b9e5eb9464e12750
2026-08-08,zuban,0.8.2,98.6,fa0a78a67b2844561c0281f3b9e5eb9464e12750
2026-08-10,mypy,2.1.0,76.1,043e01d99dfdbfdf671f0de47f04ec6d7bf1c791
2026-08-10,pycroscope,0.4.0,91.5,043e01d99dfdbfdf671f0de47f04ec6d7bf1c791
2026-08-10,pyrefly,1.3.0-dev.1,99.3,043e01d99dfdbfdf671f0de47f04ec6d7bf1c791
2026-08-10,pyright,1.1.410,95.8,043e01d99dfdbfdf671f0de47f04ec6d7bf1c791
2026-08-10,ty,0.0.67,88.4,043e01d99dfdbfdf671f0de47f04ec6d7bf1c791
2026-08-10,zuban,0.8.2,98.6,043e01d99dfdbfdf671f0de47f04ec6d7bf1c791
2026-08-12,mypy,2.1.0,76.1,2b960aab282484d5934f307a50ec3511a3b63d0e
2026-08-12,pycroscope,0.4.0,91.5,2b960aab282484d5934f307a50ec3511a3b63d0e
2026-08-12,pyrefly,1.3.0-dev.1,99.3,2b960aab282484d5934f307a50ec3511a3b63d0e
2026-08-12,pyright,1.1.410,95.8,2b960aab282484d5934f307a50ec3511a3b63d0e
2026-08-12,ty,0.0.70,88.7,2b960aab282484d5934f307a50ec3511a3b63d0e
2026-08-12,zuban,0.8.2,98.6,2b960aab282484d5934f307a50ec3511a3b63d0e
2026-08-13,mypy,2.1.0,74.8,bee91c2646261629c9835dc0adad16e0d554b4a5
2026-08-13,pycroscope,0.4.0,87.9,bee91c2646261629c9835dc0adad16e0d554b4a5
2026-08-13,pyrefly,1.3.0-dev.1,96.9,bee91c2646261629c9835dc0adad16e0d554b4a5
2026-08-13,pyright,1.1.410,93.4,bee91c2646261629c9835dc0adad16e0d554b4a5
2026-08-13,ty,0.0.70,88.3,bee91c2646261629c9835dc0adad16e0d554b4a5
2026-08-13,zuban,0.8.2,96.6,bee91c2646261629c9835dc0adad16e0d554b4a5
2026-08-19,mypy,2.1.0,74.8,b41e5096bc9b1333355911614648616f7cfbf943
2026-08-19,pycroscope,0.4.0,87.9,b41e5096bc9b1333355911614648616f7cfbf943
2026-08-19,pyrefly,1.3.0-dev.1,96.9,b41e5096bc9b1333355911614648616f7cfbf943
2026-08-19,pyright,1.1.410,93.4,b41e5096bc9b1333355911614648616f7cfbf943
2026-08-19,ty,0.0.70,88.3,b41e5096bc9b1333355911614648616f7cfbf943
2026-08-19,zuban,0.8.2,96.6,b41e5096bc9b1333355911614648616f7cfbf943
2026-08-24,mypy,2.1.0,74.8,44f42629df028aebb783917a393172e4234ad2e7
2026-08-24,pycroscope,0.4.0,87.9,44f42629df028aebb783917a393172e4234ad2e7
2026-08-24,pyrefly,1.3.0-dev.1,96.9,44f42629df028aebb783917a393172e4234ad2e7
2026-08-24,pyright,1.1.410,93.4,44f42629df028aebb783917a393172e4234ad2e7
2026-08-24,ty,0.0.74,90.0,44f42629df028aebb783917a393172e4234ad2e7
2026-08-24,zuban,0.8.2,96.6,44f42629df028aebb783917a393172e4234ad2e7
2026-08-26,mypy,2.1.0,74.8,30921de7f3ed02b9bd5ceed2b64b62dddca18ca3
2026-08-26,pycroscope,0.4.0,87.9,30921de7f3ed02b9bd5ceed2b64b62dddca18ca3
2026-08-26,pyrefly,1.3.0-dev.1,96.9,30921de7f3ed02b9bd5ceed2b64b62dddca18ca3
2026-08-26,pyright,1.1.410,93.4,30921de7f3ed02b9bd5ceed2b64b62dddca18ca3
2026-08-26,ty,0.0.74,90.0,30921de7f3ed02b9bd5ceed2b64b62dddca18ca3
2026-08-26,zuban,0.9.2,99.7,30921de7f3ed02b9bd5ceed2b64b62dddca18ca3
2026-08-27,pycroscope,0.4.0,87.9,5672d88d54c149de13d0bbd3f2995b5449f72e20
2026-08-27,mypy,2.1.0,74.8,cf943ccbea5596ef969eec6e2260097ff697b7ba
2026-08-27,pycroscope,0.5.0,95.2,cf943ccbea5596ef969eec6e2260097ff697b7ba
2026-08-27,pyrefly,1.3.0-dev.1,96.9,cf943ccbea5596ef969eec6e2260097ff697b7ba
2026-08-27,pyright,1.1.410,93.4,cf943ccbea5596ef969eec6e2260097ff697b7ba
2026-08-27,ty,0.0.75,91.0,cf943ccbea5596ef969eec6e2260097ff697b7ba
2026-08-27,zuban,0.9.2,99.7,cf943ccbea5596ef969eec6e2260097ff697b7ba
2026-09-03,mypy,2.1.0,74.8,1eada48c6fc354d3fe05524686f8b109cac2b8aa
2026-09-03,pycroscope,0.5.0,95.2,1eada48c6fc354d3fe05524686f8b109cac2b8aa
2026-09-03,pyrefly,1.3.0-dev.1,96.9,1eada48c6fc354d3fe05524686f8b109cac2b8aa
2026-09-03,pyright,1.1.410,93.4,1eada48c6fc354d3fe05524686f8b109cac2b8aa
2026-09-03,ty,0.0.78,93.4,1eada48c6fc354d3fe05524686f8b109cac2b8aa
2026-09-03,zuban,0.9.2,99.7,1eada48c6fc354d3fe05524686f8b109cac2b8aa
2026-09-04,mypy,2.1.0,74.8,7eff3311191bf6cf6f33aeba192f4cbe88d3d2a1
2026-09-04,pycroscope,0.5.0,95.2,7eff3311191bf6cf6f33aeba192f4cbe88d3d2a1
2026-09-04,pyrefly,1.3.0-dev.1,96.9,7eff3311191bf6cf6f33aeba192f4cbe88d3d2a1
2026-09-04,pyright,1.1.410,93.4,7eff3311191bf6cf6f33aeba192f4cbe88d3d2a1
2026-09-04,ty,0.0.78,93.4,7eff3311191bf6cf6f33aeba192f4cbe88d3d2a1
2026-09-04,zuban,0.9.2,99.7,7eff3311191bf6cf6f33aeba192f4cbe88d3d2a1
